Date,House Price Index,Real disposable personal income,Premium for Homeowner's Insurance Producer Index,Personal Saving Rate,New Houses Sold (in 1000s),New Houses for Sale (in 1000s),Monthly supply of new houses,"Expenditures: Maintenance, Repairs, Insurance, Other Expenses for Owned Dwelling",Expenditure: Mortage Interest,Expenditue: Property Tax,Employment Rate,Population(in 1000s),GDP ,Homeownership Rate,Rent Index
2000-01-01,100.551,33119,105.9,5,873,311,4.3,103.75,333.9166667,143.5833333,81.72454122,281083,101.4886034,67.1,180.9
2000-02-01,101.339,33222,106.1,4.5,856,299,4.3,103.75,333.9166667,143.5833333,81.74359932,281299,101.5495202,67.1,181.3
2000-03-01,102.127,33284,106.3,4.3,900,313,4.3,103.75,333.9166667,143.5833333,81.72193076,281531,101.6238214,67.1,181.9
2000-04-01,102.922,33426,106.8,4.8,841,305,4.4,103.75,333.9166667,143.5833333,81.96905421,281763,101.6949226,67.3,182.3
2000-05-01,103.677,33537,107.3,4.8,857,305,4.4,103.75,333.9166667,143.5833333,81.5887072,281996,101.7368661,67.3,182.8
2000-06-01,104.424,33599,107.9,4.8,793,306,4.8,103.75,333.9166667,143.5833333,81.54780064,282247,101.7293857,67.3,183.4
2000-07-01,105.054,33746,108.4,5.1,887,303,4.1,103.75,333.9166667,143.5833333,81.23502572,282504,101.6751049,67.5,184.1
2000-08-01,105.767,33920,108.6,5.2,848,302,4.4,103.75,333.9166667,143.5833333,81.07457472,282769,101.5858955,67.5,184.8
2000-09-01,106.538,33924,108.9,4.5,912,300,4,103.75,333.9166667,143.5833333,81.14041309,283033,101.4727319,67.5,185.4
2000-10-01,107.382,33985,109,4.8,933,301,4,103.75,333.9166667,143.5833333,81.12978604,283285,101.3382884,67.5,186.1
2000-11-01,108.302,33965,109.1,4.7,880,305,4.2,103.75,333.9166667,143.5833333,81.34658097,283523,101.1815224,67.5,186.7
2000-12-01,109.14,34001,109.4,4.4,983,298,3.6,103.75,333.9166667,143.5833333,81.40985697,283748,101.0039095,67.5,187.4
2001-01-01,109.846,34151,110.4,4.9,936,296,3.8,110.5833333,359,154.5833333,81.32867947,283960,100.817354,67.6,188
2001-02-01,110.5,34166,111.3,5,963,296,3.7,110.5833333,359,154.5833333,81.28409878,284166,100.6352395,67.6,188.7
2001-03-01,111.108,34228,111.7,5.3,939,292,3.8,110.5833333,359,154.5833333,81.27033449,284380,100.4644045,67.6,189.5
2001-04-01,111.651,34100,111.6,5.1,909,294,3.9,110.5833333,359,154.5833333,80.92530769,284602,100.2970692,67.8,190.2
2001-05-01,112.163,33988,112.2,4.5,885,295,4,110.5833333,359,154.5833333,80.85301411,284834,100.1210983,67.8,191.1
2001-06-01,112.796,33954,112.5,4.4,882,301,4.2,110.5833333,359,154.5833333,80.59680919,285076,99.93001062,67.8,191.8
2001-07-01,113.491,34420,113,5.6,880,305,4.2,110.5833333,359,154.5833333,80.48258452,285324,99.73358534,67.9,192.5
2001-08-01,114.166,34953,113.3,6.6,866,308,4.4,110.5833333,359,154.5833333,80.20576204,285584,99.54929847,67.9,193.2
2001-09-01,114.811,34622,113.5,7,853,310,4.4,110.5833333,359,154.5833333,80.17819117,285842,99.39437748,67.9,194
2001-10-01,115.308,33984,114.1,3.1,871,308,4.3,110.5833333,359,154.5833333,79.886362,286086,99.27722093,67.9,194.7
2001-11-01,115.855,33995,114.6,3.5,924,308,4.1,110.5833333,359,154.5833333,79.63795821,286315,99.20030246,67.9,195.4
2001-12-01,116.453,34028,114.8,3.8,979,308,3.8,110.5833333,359,154.5833333,79.76783071,286533,99.16038296,67.9,196.2
2002-01-01,117.143,34707,115.3,5.7,880,310,4.2,119.8333333,370.75,155.4166667,79.60338653,286739,99.14585354,67.9,196.8
2002-02-01,117.844,34735,115.6,5.5,948,313,4,119.8333333,370.75,155.4166667,79.84474397,286935,99.14230778,67.9,197.5
2002-03-01,118.687,34734,116.3,5.6,923,316,4.1,119.8333333,370.75,155.4166667,79.65934806,287131,99.13627389,67.9,198.1
2002-04-01,119.611,34827,116.9,5.5,936,324,4.3,119.8333333,370.75,155.4166667,79.51409845,287343,99.11816095,67.8,198.5
2002-05-01,120.724,34941,117,6.2,978,327,4,119.8333333,370.75,155.4166667,79.32681202,287571,99.08131989,67.8,198.9
2002-06-01,121.813,35018,118.2,6.2,957,328,4.2,119.8333333,370.75,155.4166667,79.18232487,287808,99.0219656,67.8,199.5
2002-07-01,122.888,34902,119.5,5.4,956,333,4.2,119.8333333,370.75,155.4166667,79.0459649,288051,98.94042155,67.9,200
2002-08-01,123.831,34882,120.1,5.4,1014,334,4,119.8333333,370.75,155.4166667,79.2972888,288303,98.8398501,67.9,200.3
2002-09-01,124.78,34892,121.2,5.9,1044,333,3.9,119.8333333,370.75,155.4166667,79.33246709,288554,98.72655995,67.9,200.8
2002-10-01,125.734,34964,123.4,5.8,1006,335,4,119.8333333,370.75,155.4166667,79.17199509,288794,98.61165737,68.2,201.3
2002-11-01,126.669,35031,125.1,5.8,1024,338,4,119.8333333,370.75,155.4166667,78.77296289,289012,98.50827691,68.2,201.9
2002-12-01,127.623,35090,125.6,5.4,1048,339,4,119.8333333,370.75,155.4166667,78.99947159,289214,98.4289641,68.2,202.4
2003-01-01,128.461,35015,127.8,5.4,999,341,4,119.6666667,366.4166667,166.5833333,78.98117437,289412,98.38226588,68.1,203.2
2003-02-01,129.355,34867,129.1,5.3,936,341,4.5,119.6666667,366.4166667,166.5833333,78.91886845,289606,98.3751511,68.1,203.5
2003-03-01,130.148,34925,130.7,5,999,338,4.1,119.6666667,366.4166667,166.5833333,79.02058596,289809,98.41304946,68.1,204
2003-04-01,130.884,35105,131.5,5.1,1012,340,4.1,119.6666667,366.4166667,166.5833333,79.08582468,290024,98.49700587,68.2,204.5
2003-05-01,131.735,35353,133,5.5,1078,343,3.9,119.6666667,366.4166667,166.5833333,78.76871782,290250,98.62494887,68.2,205
2003-06-01,132.649,35428,133.8,5.3,1193,343,3.5,119.6666667,366.4166667,166.5833333,78.89066888,290484,98.78955561,68.2,205.3
2003-07-01,133.776,35826,134.3,6.1,1168,342,3.6,119.6666667,366.4166667,166.5833333,78.72993092,290726,98.97283625,68.3,205.8
2003-08-01,134.968,36043,134.8,5.9,1206,346,3.5,119.6666667,366.4166667,166.5833333,78.68779965,290974,99.15330339,68.3,206.2
2003-09-01,136.294,35605,135.6,5.1,1131,350,3.8,119.6666667,366.4166667,166.5833333,78.55308926,291222,99.31175225,68.3,206.7
2003-10-01,137.532,35711,136.5,5.3,1144,361,3.8,119.6666667,366.4166667,166.5833333,78.58966228,291463,99.43721234,68.5,206.9
2003-11-01,138.794,35899,137.8,5.3,1093,366,4.1,119.6666667,366.4166667,166.5833333,78.76385711,291677,99.52482193,68.5,207.4
2003-12-01,140.18,35903,138.7,5.2,1129,370,4,119.6666667,366.4166667,166.5833333,78.80066692,291868,99.57597738,68.5,207.7
2004-01-01,141.646,35860,139.5,4.9,1165,374,3.8,122.3333333,360,170.6666667,78.88322227,292046,99.60111248,68.7,208.1
2004-02-01,143.192,35901,140.5,4.9,1159,372,3.7,122.3333333,360,170.6666667,78.80657427,292230,99.61376655,68.7,208.6
2004-03-01,145.059,36020,141.5,4.7,1276,381,3.6,122.3333333,360,170.6666667,78.7659178,292434,99.6265184,68.7,209.1
2004-04-01,146.592,36117,142.3,5.1,1186,383,4,122.3333333,360,170.6666667,78.9111628,292651,99.64785155,69.4,209.7
2004-05-01,148.185,36273,144.1,5.1,1241,383,3.8,122.3333333,360,170.6666667,78.93747947,292872,99.68319664,69.4,210.3
2004-06-01,149.85,36273,144.7,5.6,1180,383,3.9,122.3333333,360,170.6666667,79.07551732,293103,99.73537988,69.4,210.9
2004-07-01,151.338,36332,145.1,5,1088,400,4.5,122.3333333,360,170.6666667,79.20126596,293350,99.80408858,68.9,211.4
2004-08-01,152.633,36422,145.9,5,1175,405,4.3,122.3333333,360,170.6666667,79.02823887,293603,99.8874996,68.9,212
2004-09-01,154.179,36417,146,4.4,1214,410,4.1,122.3333333,360,170.6666667,79.02372114,293857,99.9827493,68.9,212.5
2004-10-01,155.751,36407,146.5,4.3,1305,413,3.9,122.3333333,360,170.6666667,79.03911393,294104,100.0853844,69.1,212.8
2004-11-01,157.527,36276,147.1,3.8,1179,418,4.3,122.3333333,360,170.6666667,79.17088749,294337,100.1897902,69.1,213.1
2004-12-01,159.33,37591,147.8,6.6,1242,422,4.1,122.3333333,360,170.6666667,78.9888065,294561,100.2891419,69.1,213.7
2005-01-01,161.288,36199,148.5,3.2,1203,441,4.4,135.3333333,408.4166667,189.5833333,79.1002056,294768,100.3752921,69.2,214.3
2005-02-01,163.344,36199,149,2.9,1319,446,4.3,135.3333333,408.4166667,189.5833333,79.14043605,294955,100.4410818,69.2,214.9
2005-03-01,165.812,36312,150,3.1,1328,445,4.1,135.3333333,408.4166667,189.5833333,79.0883761,295149,100.4836833,69.2,215.4
2005-04-01,167.501,36403,150.7,2.7,1260,445,4.3,135.3333333,408.4166667,189.5833333,79.35613218,295359,100.5094839,68.7,216
2005-05-01,169.351,36537,151.6,3.2,1286,450,4.2,135.3333333,408.4166667,189.5833333,79.43767139,295582,100.5284459,68.7,216.5
2005-06-01,171.19,36591,152,2.6,1274,455,4.3,135.3333333,408.4166667,189.5833333,79.22329007,295824,100.5498048,68.7,217
2005-07-01,172.86,36609,152.1,2.1,1389,464,4.2,135.3333333,408.4166667,189.5833333,79.4415603,296077,100.5784161,68.7,217.7
2005-08-01,174.44,36636,152.4,2.6,1255,476,4.5,135.3333333,408.4166667,189.5833333,79.64337711,296338,100.6171368,68.7,218.1
2005-09-01,176.437,36465,152.6,2.7,1244,487,4.7,135.3333333,408.4166667,189.5833333,79.47611084,296606,100.6688372,68.7,218.7
2005-10-01,178.027,36617,152.9,2.9,1336,490,4.5,135.3333333,408.4166667,189.5833333,79.4190958,296857,100.7378468,68.9,219.3
2005-11-01,179.681,36817,153.3,3.2,1214,502,5,135.3333333,408.4166667,189.5833333,79.32889362,297089,100.826387,68.9,219.9
2005-12-01,180.91,36918,154.1,3.1,1239,511,4.9,135.3333333,408.4166667,189.5833333,79.40475929,297311,100.929926,68.9,220.3
2006-01-01,182.32,37297,154.3,3.7,1174,523,5.3,137,462.1666667,202.8333333,79.4749506,297526,101.0312828,68.6,220.8
2006-02-01,183.287,37454,154.5,3.9,1061,539,6.1,137,462.1666667,202.8333333,79.51158814,297734,101.1096159,68.6,221.5
2006-03-01,184.364,37576,154.8,4.1,1116,552,5.9,137,462.1666667,202.8333333,79.66024851,297950,101.1497804,68.6,222.2
2006-04-01,184.329,37530,154.9,3.8,1123,565,6.3,137,462.1666667,202.8333333,79.55991204,298170,101.153524,68.8,222.9
2006-05-01,184.156,37475,155.6,3.6,1086,565,6.2,137,462.1666667,202.8333333,79.65372152,298401,101.1316158,68.8,223.7
2006-06-01,183.507,37496,155.8,3.7,1074,566,6.3,137,462.1666667,202.8333333,79.77002703,298653,101.0987657,68.8,224.6
2006-07-01,183.067,37457,155.9,3.1,965,572,7.3,137,462.1666667,202.8333333,79.80057272,298910,101.070625,68.9,225.4
2006-08-01,182.593,37401,156.1,3.3,1035,566,6.7,137,462.1666667,202.8333333,79.79106897,299178,101.0599345,68.9,226.3
2006-09-01,182.799,37576,156.2,3.2,1016,559,6.7,137,462.1666667,202.8333333,79.94280424,299452,101.072611,68.9,227.2
2006-10-01,183.2,37723,156.4,3.2,941,554,7.3,137,462.1666667,202.8333333,80.25876277,299710,101.1028254,68.8,228
2006-11-01,183.611,37850,156.5,3.6,1003,543,6.6,137,462.1666667,202.8333333,80.15170813,299950,101.1406168,68.8,228.8
2006-12-01,184.141,38000,156.4,3.5,998,536,6.5,137,462.1666667,202.8333333,80.18370951,300178,101.178455,68.8,229.8
2007-01-01,184.518,37962,156.9,3.2,891,538,7.2,140.5,483.25,212,80.163614,300398,101.2174895,68.5,230.547
2007-02-01,184.599,38055,157,3.6,828,544,7.9,140.5,483.25,212,79.92145262,300608,101.2630479,68.5,231.546
2007-03-01,184.15,38145,157.1,3.9,833,545,7.9,140.5,483.25,212,80.07314831,300823,101.3202863,68.5,232.349
2007-04-01,183.011,38167,157.6,3.8,887,548,7.4,140.5,483.25,212,79.93873139,301045,101.3896056,68.3,232.96
2007-05-01,181.601,38156,159,3.6,842,545,7.8,140.5,483.25,212,80.02385565,301278,101.4684538,68.3,233.656
2007-06-01,180.254,38101,159.1,3.5,793,542,8.2,140.5,483.25,212,79.9263614,301528,101.5524832,68.3,234.283
2007-07-01,179.111,38107,159.4,3.4,778,537,8.3,140.5,483.25,212,79.77818754,301790,101.6362448,68,234.996
2007-08-01,178.117,38092,159.5,3.1,699,533,9.2,140.5,483.25,212,79.85392161,302064,101.7130806,68,235.524
2007-09-01,177.558,38127,158.8,3.1,686,527,9.2,140.5,483.25,212,79.84110438,302334,101.7752528,68,236.239
2007-10-01,176.624,38083,159.3,3,727,514,8.5,140.5,483.25,212,79.74864188,302590,101.8147869,67.8,237.18
2007-11-01,175.147,38015,159.7,2.8,641,503,9.4,140.5,483.25,212,79.90840417,302834,101.8258028,67.8,238.063
2007-12-01,174.341,38118,159.7,3.2,619,497,9.6,140.5,483.25,212,79.80895947,303062,101.8086655,67.8,238.873
2008-01-01,173.133,38095,159.9,3.2,627,487,9.3,146.75,476,218.75,79.81962153,303280,101.77634,67.9,239.517
2008-02-01,171.542,38049,159.8,3.6,593,477,9.7,146.75,476,218.75,79.66629544,303494,101.7422597,67.9,240.08
2008-03-01,170.054,38015,159.8,3.4,535,470,10.5,146.75,476,218.75,79.61419701,303707,101.709482,67.9,240.68
2008-04-01,168.337,37841,160.2,2.9,536,458,10.3,146.75,476,218.75,79.59483276,303926,101.6601686,68.1,241.437
2008-05-01,166.658,39653,161.1,7.3,504,451,10.7,146.75,476,218.75,79.4359839,304157,101.5651301,68.1,241.927
2008-06-01,165.017,38619,161.1,5.1,487,435,10.7,146.75,476,218.75,79.34261148,304396,101.3947397,68.1,242.882
2008-07-01,163.567,37992,161.3,4,477,419,10.5,146.75,476,218.75,79.20679273,304646,101.1332424,67.7,243.675
2008-08-01,161.989,37739,161.5,3.5,435,409,11.3,146.75,476,218.75,78.8860755,304903,100.7762007,67.7,244.475
2008-09-01,160.309,37789,162.4,4.3,433,395,10.9,146.75,476,218.75,78.81794425,305158,100.3344047,67.7,245.175
2008-10-01,158.329,38037,162.4,5.2,393,381,11.6,146.75,476,218.75,78.57010825,305403,99.84435826,67.5,245.914
2008-11-01,156.142,38328,162.5,6.3,389,371,11.4,146.75,476,218.75,78.20358288,305620,99.35148895,67.5,246.556
2008-12-01,153.618,38111,162.5,6.2,377,353,11.2,146.75,476,218.75,77.64540221,305827,98.89727308,67.5,246.992
2009-01-01,151.504,38290,162.5,6.2,336,341,12.2,142.3333333,445.5833333,225.5833333,77.07763652,306035,98.50709635,67.4,247.563
2009-02-01,150.012,37875,162.8,5.6,372,326,10.5,142.3333333,445.5833333,225.5833333,76.69210754,306237,98.19661744,67.4,247.994
2009-03-01,148.659,37833,162.8,5.9,339,311,11,142.3333333,445.5833333,225.5833333,76.25790959,306438,97.97342361,67.4,248.396
2009-04-01,147.949,38025,163.3,6.6,337,300,10.7,142.3333333,445.5833333,225.5833333,76.13616328,306645,97.83287757,67.4,248.837
2009-05-01,147.696,38541,163.5,7.9,376,291,9.3,142.3333333,445.5833333,225.5833333,75.74542044,306863,97.76722194,67.4,249.204
2009-06-01,148.09,37809,164.4,6.2,393,280,8.5,142.3333333,445.5833333,225.5833333,75.75585823,307090,97.7685672,67.4,249.381
2009-07-01,148.409,37616,165.2,5.5,411,270,7.9,142.3333333,445.5833333,225.5833333,75.76458335,307322,97.82642074,67.4,249.343
2009-08-01,148.276,37515,165.3,4.5,418,261,7.5,142.3333333,445.5833333,225.5833333,75.52551705,307570,97.93063547,67.4,249.359
2009-09-01,148.023,37596,168.2,5.6,386,252,7.8,142.3333333,445.5833333,225.5833333,75.05472696,307826,98.07020642,67.4,249.261
2009-10-01,147.848,37453,168.8,5.2,396,243,7.4,142.3333333,445.5833333,225.5833333,75.01711365,308071,98.22861859,67.2,248.959
2009-11-01,148.133,37533,169.3,5.6,375,237,7.6,142.3333333,445.5833333,225.5833333,75.17607169,308289,98.39029658,67.2,248.778
2009-12-01,147.929,37699,169.3,5.6,352,234,8,142.3333333,445.5833333,225.5833333,74.8586748,308495,98.54561781,67.2,248.667
2010-01-01,147.395,37721,169.2,5.9,345,233,8.1,140.75,420.1666667,228.0833333,75.28723788,308706,98.69559307,67.2,248.721
2010-02-01,145.632,37732,169.1,5.6,336,231,8.3,140.75,420.1666667,228.0833333,75.17547661,308904,98.84595305,67.2,248.717
2010-03-01,145.86,37859,168.7,5.6,381,227,7.1,140.75,420.1666667,228.0833333,75.123261,309095,99.00141929,67.2,248.854
2010-04-01,146.401,38151,169,6.2,422,217,6.2,140.75,420.1666667,228.0833333,75.30614088,309289,99.15974841,66.9,248.962
2010-05-01,146.391,38412,169.1,6.7,280,216,9.3,140.75,420.1666667,228.0833333,75.02436856,309485,99.3144787,66.9,249.066
2010-06-01,145.717,38409,169.6,6.5,305,212,8.3,140.75,420.1666667,228.0833333,75.12362232,309691,99.45731646,66.9,249.327
2010-07-01,144.988,38433,170,6.4,283,209,8.9,140.75,420.1666667,228.0833333,75.08887477,309913,99.5806277,66.7,249.458
2010-08-01,143.913,38529,170.1,6.5,282,206,8.8,140.75,420.1666667,228.0833333,75.05829208,310146,99.67695559,66.7,249.346
2010-09-01,143.015,38499,172.7,6.5,317,201,7.6,140.75,420.1666667,228.0833333,75.0669384,310385,99.73977101,66.7,249.663
2010-10-01,142.525,38474,172.7,6.3,291,199,8.2,140.75,420.1666667,228.0833333,75.06278331,310612,99.76599084,66.5,249.66
2010-11-01,142.169,38481,173,6.1,287,195,8.2,140.75,420.1666667,228.0833333,74.79980351,310820,99.75580012,66.5,250.182
2010-12-01,142.061,38680,173.1,6.5,326,190,7,140.75,420.1666667,228.0833333,75.10038869,311020,99.71491149,66.5,250.641
2011-01-01,141.526,38831,173.3,6.9,307,187,7.3,143.25,405,235,75.20754217,311204,99.65923481,66.5,251.142
2011-02-01,140.356,38915,173.5,7.2,270,183,8.1,143.25,405,235,75.11191595,311373,99.60649965,66.5,251.516
2011-03-01,139.987,38784,173.7,6.6,300,179,7.2,143.25,405,235,75.20203632,311551,99.56882886,66.5,251.905
2011-04-01,140.011,38690,174.1,6.6,310,173,6.7,143.25,405,235,74.98739266,311740,99.54499326,66,252.203
2011-05-01,139.904,38608,174.5,6.5,305,168,6.6,143.25,405,235,75.14999269,311935,99.52966307,66,252.584
2011-06-01,139.86,38725,174.6,6.7,301,166,6.6,143.25,405,235,74.90171165,312147,99.52145605,66,252.986
2011-07-01,139.727,38828,174.8,6.9,296,166,6.7,143.25,405,235,75.07798986,312372,99.5301906,66.1,253.423
2011-08-01,139.306,38773,175.3,6.9,299,162,6.5,143.25,405,235,75.09892653,312605,99.56935155,66.1,254.295
2011-09-01,138.667,38691,177,6.5,304,160,6.3,143.25,405,235,74.98683564,312842,99.64721076,66.1,254.895
2011-10-01,137.954,38705,177.1,6.5,316,158,6,143.25,405,235,74.98975243,313060,99.75557572,65.9,255.651
2011-11-01,137.154,38666,179,6.6,328,155,5.7,143.25,405,235,75.26066514,313260,99.87854395,65.9,256.207
2011-12-01,136.676,39008,179.2,7.5,341,151,5.3,143.25,405,235,75.4492834,313454,99.99887109,65.9,256.8
2012-01-01,136.606,39253,179.4,7.8,335,149,5.3,149,394.5833333,235.5833333,75.52502197,313636,100.1031493,65.6,257.267
2012-02-01,136.529,39466,179.5,7.8,366,147,4.8,149,394.5833333,235.5833333,75.48735937,313811,100.1812303,65.6,257.842
2012-03-01,137.903,39590,179.9,8.2,354,145,4.9,149,394.5833333,235.5833333,75.60292006,313993,100.2266393,65.6,258.335
2012-04-01,139.155,39744,180.2,8.5,354,144,4.9,149,394.5833333,235.5833333,75.60476943,314176,100.2386999,65.6,258.977
2012-05-01,140.157,39731,180.4,8.6,370,144,4.7,149,394.5833333,235.5833333,75.72553576,314368,100.2197211,65.6,259.481
2012-06-01,141.03,39681,180.8,8.6,360,145,4.8,149,394.5833333,235.5833333,75.60542093,314576,100.1744166,65.6,259.893
2012-07-01,141.668,39380,181.3,7.8,369,142,4.6,149,394.5833333,235.5833333,75.70718959,314796,100.1114006,65.4,260.476
2012-08-01,142.277,39248,181.4,7.6,375,143,4.6,149,394.5833333,235.5833333,75.76582333,315031,100.0408627,65.4,260.999
2012-09-01,142.907,39501,183.4,8.1,385,144,4.5,149,394.5833333,235.5833333,76.03130686,315264,99.97340528,65.4,261.62
2012-10-01,143.6,39743,183.5,8.7,358,147,4.9,149,394.5833333,235.5833333,76.14035138,315485,99.91932418,65.3,262.631
2012-11-01,144.585,40238,183.6,9.5,392,150,4.6,149,394.5833333,235.5833333,75.76980755,315692,99.88628331,65.3,263.137
2012-12-01,145.501,41192,183.7,11.6,399,150,4.5,149,394.5833333,235.5833333,75.93167476,315877,99.87593408,65.3,263.669
2013-01-01,146.834,38789,184.1,5.9,446,149,4,153.9166667,400.6666667,239.1666667,75.59458478,316038,99.87890962,65.2,264.245
2013-02-01,147.783,38663,184.4,5.6,447,152,4.1,153.9166667,400.6666667,239.1666667,75.72491625,316191,99.88313722,65.2,264.904
2013-03-01,149.964,38760,184.5,5.9,444,155,4.2,153.9166667,400.6666667,239.1666667,75.69037438,316357,99.88103884,65.2,265.603
2013-04-01,151.521,38855,185.4,6.2,441,161,4.4,153.9166667,400.6666667,239.1666667,75.79884862,316535,99.87650134,65.1,266.094
2013-05-01,152.854,39019,186.7,6.4,428,163,4.6,153.9166667,400.6666667,239.1666667,76.08744666,316729,99.87781393,65.1,266.841
2013-06-01,154.197,39004,187,6.5,470,161,4.1,153.9166667,400.6666667,239.1666667,75.89588713,316934,99.89068639,65.1,267.451
2013-07-01,155.606,38942,187.8,6.3,375,171,5.5,153.9166667,400.6666667,239.1666667,76.11410466,317156,99.9107534,65.2,267.87
2013-08-01,156.973,39003,188.4,6.4,381,175,5.5,153.9166667,400.6666667,239.1666667,76.01864951,317397,99.92812597,65.2,268.837
2013-09-01,158.234,39137,189.4,6.5,403,183,5.4,153.9166667,400.6666667,239.1666667,76.04082137,317635,99.93130222,65.2,269.315
2013-10-01,159.246,38995,189.4,6,444,183,4.9,153.9166667,400.6666667,239.1666667,75.62365092,317864,99.91116323,65.1,269.822
2013-11-01,160.075,39067,189.5,5.8,446,184,5,153.9166667,400.6666667,239.1666667,75.98654464,318076,99.86439703,65.1,270.387
2013-12-01,160.997,39125,190,6,433,186,5.2,153.9166667,400.6666667,239.1666667,76.12130891,318276,99.79846302,65.1,271.22
2014-01-01,161.946,39292,190.2,6.7,443,189,5.1,170.6666667,390.9166667,250.3333333,76.38017282,318464,99.73830708,64.9,271.918
2014-02-01,162.53,39478,190.6,6.6,420,187,5.3,170.6666667,390.9166667,250.3333333,76.37455185,318642,99.7133425,64.9,272.461
2014-03-01,163.092,39672,190.6,6.7,405,190,5.6,170.6666667,390.9166667,250.3333333,76.45607158,318827,99.74406719,64.9,273.341
2014-04-01,163.399,39806,191.6,6.9,403,190,5.7,170.6666667,390.9166667,250.3333333,76.43030547,319020,99.82611812,64.8,274.255
2014-05-01,163.665,39925,192.3,7.1,451,194,5.2,170.6666667,390.9166667,250.3333333,76.50450998,319225,99.94259804,64.8,275.013
2014-06-01,164.049,40062,192.7,7.1,418,199,5.7,170.6666667,390.9166667,250.3333333,76.82883934,319438,100.0724916,64.8,275.819
2014-07-01,164.571,40151,193.6,7.2,402,207,6.2,170.6666667,390.9166667,250.3333333,76.7497015,319670,100.1965129,64.3,276.663
2014-08-01,165.218,40311,193.8,7,456,207,5.4,170.6666667,390.9166667,250.3333333,76.91377015,319919,100.2998869,64.3,277.319
2014-09-01,165.909,40413,195.2,7.2,470,210,5.4,170.6666667,390.9166667,250.3333333,76.9012544,320166,100.3754872,64.3,278.149
2014-10-01,166.646,40559,195.2,7.1,476,209,5.3,170.6666667,390.9166667,250.3333333,76.94827715,320403,100.4283558,63.9,278.797
2014-11-01,167.338,40743,195.3,7.3,442,211,5.7,170.6666667,390.9166667,250.3333333,76.91050038,320616,100.4680281,63.9,279.758
2014-12-01,168.056,40991,195.5,7.7,497,210,5.1,170.6666667,390.9166667,250.3333333,77.03970848,320815,100.5024013,63.9,280.383
2015-01-01,168.661,41199,196.1,8,515,207,4.8,190.8333333,381.3333333,254.5,77.07913762,320997,100.5325008,63.8,281.223
2015-02-01,169.138,41324,196,8.1,540,203,4.5,190.8333333,381.3333333,254.5,77.12948236,321164,100.5549301,63.8,282.171
2015-03-01,169.812,41182,196.3,7.7,480,204,5.1,190.8333333,381.3333333,254.5,77.06015878,321344,100.5645749,63.8,283.056
2015-04-01,170.312,41248,196.7,7.6,502,206,4.9,190.8333333,381.3333333,254.5,77.18454211,321538,100.5578073,63.5,283.786
2015-05-01,170.893,41290,197.5,7.5,502,211,5,190.8333333,381.3333333,254.5,77.28700093,321740,100.5320087,63.5,284.559
2015-06-01,171.453,41288,198.5,7.4,480,216,5.4,190.8333333,381.3333333,254.5,77.32562668,321954,100.4862356,63.5,285.477
2015-07-01,172.126,41355,199.8,7.3,506,218,5.2,190.8333333,381.3333333,254.5,77.16885612,322186,100.4232118,63.6,286.435
2015-08-01,172.946,41420,199.9,7.3,518,217,5,190.8333333,381.3333333,254.5,77.34665815,322427,100.347641,63.6,287.32
2015-09-01,173.839,41504,202,7.4,456,224,5.9,190.8333333,381.3333333,254.5,77.32605697,322670,100.2657465,63.6,288.385
2015-10-01,174.801,41560,202.1,7.5,482,226,5.6,190.8333333,381.3333333,254.5,77.23067753,322901,100.1857054,63.7,289.236
2015-11-01,175.746,41526,202.3,7.3,504,229,5.5,190.8333333,381.3333333,254.5,77.3941256,323113,100.1150178,63.7,289.953
2015-12-01,176.551,41699,202.4,7.4,546,232,5.1,190.8333333,381.3333333,254.5,77.40179107,323318,100.0577678,63.7,290.723
2016-01-01,177.299,41827,202.4,7.7,505,236,5.6,190.75,384.1666667,261.75,77.70493165,323509,100.0112292,63.5,291.7
2016-02-01,177.668,41850,202.5,7.2,517,239,5.5,190.75,384.1666667,261.75,77.7624424,323687,99.97034187,63.5,292.617
2016-03-01,178.194,41829,203.5,7.6,532,242,5.5,190.75,384.1666667,261.75,77.91896551,323871,99.93138014,63.5,293.471
2016-04-01,178.8,41727,203.6,7.2,576,242,5,190.75,384.1666667,261.75,77.72301121,324061,99.89518885,63.1,294.397
2016-05-01,179.459,41680,203.9,6.9,571,241,5.1,190.75,384.1666667,261.75,77.89008654,324260,99.86462218,63.1,295.371
2016-06-01,180.08,41672,204.5,6.6,557,244,5.3,190.75,384.1666667,261.75,77.84988842,324476,99.8417919,63.1,296.306
2016-07-01,180.836,41784,204.6,6.8,628,238,4.5,190.75,384.1666667,261.75,78.02224837,324697,99.82491871,63.5,297.192
2016-08-01,181.869,41791,205.4,6.8,575,240,5,190.75,384.1666667,261.75,77.89425274,324924,99.8105869,63.5,298.029
2016-09-01,182.836,41852,203,6.8,558,243,5.2,190.75,384.1666667,261.75,78.06858521,325155,99.79555141,63.5,299.035
2016-10-01,183.748,41884,203,6.9,575,249,5.2,190.75,384.1666667,261.75,78.1338929,325368,99.77834716,63.5,300.215
2016-11-01,184.735,41952,203.2,7,571,248,5.2,190.75,384.1666667,261.75,78.0764503,325562,99.75893667,63.5,301.223
2016-12-01,185.685,42013,203.3,6.5,561,254,5.4,190.75,384.1666667,261.75,78.10188645,325742,99.73850956,63.5,302.271
2017-01-01,186.791,42166,203.4,6.9,573,257,5.4,213.3333333,430.4166667,272,78.15165008,325901,99.71943836,63.6,303.156
2017-02-01,187.315,42301,203.6,7.2,587,261,5.3,213.3333333,430.4166667,272,78.28113853,326050,99.70486107,63.6,304.06
2017-03-01,188.036,42462,203.6,7.2,632,265,5,213.3333333,430.4166667,272,78.47084202,326207,99.69817142,63.6,304.888
2017-04-01,188.818,42496,203.2,7.2,598,268,5.4,213.3333333,430.4166667,272,78.60172265,326371,99.70219406,63.9,305.692
2017-05-01,189.71,42758,204,7.8,635,271,5.1,213.3333333,430.4166667,272,78.50412469,326548,99.71958922,63.9,306.72
2017-06-01,190.551,42735,205.1,7.5,619,274,5.3,213.3333333,430.4166667,272,78.55831603,326743,99.75249245,63.9,307.681
2017-07-01,191.48,42821,205.2,7.6,572,277,5.8,213.3333333,430.4166667,272,78.72707577,326939,99.8011991,63.9,308.49
2017-08-01,192.729,42843,205.2,7.6,556,281,6.1,213.3333333,430.4166667,272,78.44342326,327140,99.86496623,63.9,309.608
2017-09-01,193.785,42863,204.8,7.3,637,282,5.3,213.3333333,430.4166667,272,79.03515544,327342,99.9416775,63.9,310.346
2017-10-01,194.768,42936,205.5,7.4,626,286,5.5,213.3333333,430.4166667,272,78.78568632,327528,100.0264245,64,311.33
2017-11-01,195.852,42961,205.6,7,711,287,4.8,213.3333333,430.4166667,272,78.97545934,327699,100.1136652,64,312.295
2017-12-01,197.032,43043,205.7,6.6,630,293,5.6,213.3333333,430.4166667,272,79.00615681,327848,100.1988089,64,313.462
2018-01-01,198.198,43332,205.6,7.4,610,292,5.7,221.9166667,362.9166667,287.3333333,78.89373922,327969,100.2796287,64.2,314.5
2018-02-01,199.191,43434,205.8,7.6,618,296,5.7,221.9166667,362.9166667,287.3333333,79.24129052,328085,100.354462,64.2,315.142
2018-03-01,200.048,43563,206,7.6,670,297,5.3,221.9166667,362.9166667,287.3333333,79.21478402,328219,100.420733,64.2,315.904
2018-04-01,200.879,43639,206.9,7.4,655,300,5.5,221.9166667,362.9166667,287.3333333,79.17403153,328364,100.4739246,64.5,316.955
2018-05-01,201.656,43751,207.2,7.5,674,301,5.4,221.9166667,362.9166667,287.3333333,79.32046385,328521,100.5087308,64.5,317.803
2018-06-01,202.379,43859,207.2,7.6,631,310,5.9,221.9166667,362.9166667,287.3333333,79.29128929,328692,100.5211791,64.5,318.634
2018-07-01,202.991,43991,207.5,7.6,611,314,6.2,221.9166667,362.9166667,287.3333333,79.54577004,328863,100.5121009,64.4,319.661
2018-08-01,203.798,44097,207.5,7.6,592,319,6.5,221.9166667,362.9166667,287.3333333,79.33344101,329040,100.485311,64.4,320.777
2018-09-01,204.365,44040,208,7.6,589,326,6.6,221.9166667,362.9166667,287.3333333,79.47729343,329216,100.4473768,64.4,321.618
2018-10-01,204.997,44106,208.2,7.4,567,333,7,221.9166667,362.9166667,287.3333333,79.67799554,329379,100.4087125,64.6,322.483
2018-11-01,205.436,44155,207.3,7.2,600,334,6.7,221.9166667,362.9166667,287.3333333,79.6587472,329527,100.3803999,64.6,323.62
2018-12-01,205.847,44650,207.5,9,550,346,7.5,221.9166667,362.9166667,287.3333333,79.58532067,329659,100.3711566,64.6,324.401
2019-01-01,206.263,44620,207.7,8.7,599,345,6.9,242.75,358.6666667,280.8333333,79.75761906,329766,100.3836495,64.2,325.322
2019-02-01,206.729,44692,208.1,8.8,638,340,6.4,242.75,358.6666667,280.8333333,79.82614268,329862,100.417017,64.2,326.231
2019-03-01,207.223,44647,208.3,8.2,702,337,5.8,242.75,358.6666667,280.8333333,79.82322349,329977,100.467874,64.2,327.527
2019-04-01,207.936,44465,209.2,7.7,698,334,5.7,242.75,358.6666667,280.8333333,79.73989319,330103,100.5298672,64.3,328.835
2019-05-01,208.602,44433,210.5,7.4,620,335,6.5,242.75,358.6666667,280.8333333,79.7327616,330240,100.5960098,64.3,329.61
2019-06-01,208.981,44451,210.6,7.2,753,330,5.3,242.75,358.6666667,280.8333333,79.66110685,330393,100.6602703,64.3,330.937
2019-07-01,209.474,44482,211,7,674,328,5.8,242.75,358.6666667,280.8333333,79.55156069,330553,100.7189209,64.8,331.911
2019-08-01,210.255,44682,211.4,7.2,699,324,5.6,242.75,358.6666667,280.8333333,80.01529483,330729,100.7700437,64.8,332.782
2019-09-01,210.909,44750,211.2,7.3,719,323,5.4,242.75,358.6666667,280.8333333,80.31014642,330904,100.8134923,64.8,333.928
2019-10-01,211.566,44769,211.4,7.4,714,321,5.4,242.75,358.6666667,280.8333333,80.34005303,331066,100.8514479,65,334.554
2019-11-01,212.404,44944,211.4,7.5,694,321,5.6,242.75,358.6666667,280.8333333,80.37124002,331213,100.8853175,65,335.478
2019-12-01,213.404,44800,211.9,7.3,688,323,5.6,242.75,358.6666667,280.8333333,80.41857544,331345,100.9130873,65,336.396
2020-01-01,214.486,45186,211.8,7.8,708,327,5.5,272.25,374,296.9166667,80.52240462,331443,100.9270306,65.3,337.57
2020-02-01,215.579,45453,212,8.3,690,328,5.7,272.25,374,296.9166667,80.44160373,331525,100.9154233,65.3,338.498
2020-03-01,216.637,44760,212.5,13.1,610,331,6.5,272.25,374,296.9166667,79.51861158,331633,96.04804984,65.3,339.51
2020-04-01,217.446,51769,212.6,33.8,582,325,6.7,272.25,374,296.9166667,69.61172275,331680,93.06049604,68.1,340.264
2020-05-01,217.72,49244,213.2,24.8,706,312,5.3,272.25,374,296.9166667,71.33746515,331678,91.54216855,68.1,341.067
2020-06-01,218.165,48406,213.2,19.3,922,299,3.9,272.25,374,296.9166667,73.43030305,331718,93.34896415,68.1,341.558
2020-07-01,219.677,48683,213.4,18.7,1007,290,3.5,272.25,374,296.9166667,73.81117376,331777,95.1340491,67.4,342.262
2020-08-01,222.562,46872,213.4,15,1036,283,3.3,272.25,374,296.9166667,75.26443433,331839,96.89578096,67.4,342.63
2020-09-01,225.784,47132,214.3,14.3,991,284,3.4,272.25,374,296.9166667,75.21155332,331907,97.07676696,67.4,343.002
2020-10-01,229.356,46897,214.3,13.6,1001,281,3.4,272.25,374,296.9166667,76.03835397,331971,97.26164335,65.7,343.495
2020-11-01,232.613,46285,214.3,13,851,289,4.1,272.25,374,296.9166667,76.03953295,331996,97.46339076,65.7,343.708
2020-12-01,235.658,46371,215.2,14,871,300,4.1,272.25,374,296.9166667,76.31286215,331968,97.8319339,65.7,344.078
2021-01-01,238.772,51179,215.2,19.9,911,304,4,,,,76.42553386,331943,98.22581226,65.6,344.507
2021-02-01,241.888,46839,215.1,13.5,768,310,4.8,,,,76.60974509,331950,98.60381909,65.6,345.121
2021-03-01,245.847,57597,215.2,26.6,881,309,4.2,,,,76.89899263,331953,98.82408429,65.6,345.684
2021-04-01,250.051,48641,215.7,12.6,809,317,4.7,,,,76.9517294,331963,99.00011101,65.6,346.379
2021-05-01,254.593,47196,216.3,10.4,740,330,5.4,,,,77.06545124,332008,99.14812057,65.6,347.253
2021-06-01,259.276,46985,216,9.5,714,346,5.8,,,,77.06263015,332092,99.31457278,65.6,348.095
2021-07-01,263.318,47368,215.767,10.5,726,362,6,,,,77.81090683,332192,99.49025686,65.4,348.789
2021-08-01,267.067,47307,216.032,9.8,686,374,6.5,,,,77.94240681,332295,99.67107115,65.4,349.938
2021-09-01,270.258,46529,216.87,8.1,732,375,6.1,,,,78.10691665,332403,99.84827511,65.4,351.355
2021-10-01,273.106,46532,217.036,7.5,671,387,6.9,,,,78.37492595,332513,99.9982618,65.4,352.762
2021-11-01,276.367,46515,216.897,7.6,756,390,6.2,,,,78.90205989,332598,100.094689,65.4,354.191
2021-12-01,280.152,46425,216.824,8.7,839,389,5.6,,,,79.13349095,332640,100.1226132,65.4,355.544
2022-01-01,284.767,45579,216.541,5.8,831,394,5.7,,,,79.14972073,332684,100.0963554,65.4,357.476
2022-02-01,290.433,45600,216.652,5.8,790,396,6,,,,79.48429776,332750,100.0414153,65.4,359.501
2022-03-01,296.572,45430,217.544,5.3,715,411,6.9,,,,80.03390403,332812,,65.4,361.05
2022-04-01,301.02,45527,217.803,5.2,629,437,8.3,,,,79.93143101,332863,,,363.067